Nombre,Bares,Seguridad,Act Impacto, Policia, Salud, Cultura, Deporte, Total
GIMNASIO MODELIA REAL - SEDE PRINCIPAL,0.0,6.99,10.0,1.0,10.0,5.45,6.75,5.741428571428572
COL DEPT INTEGRADO FONTIBON,10.0,6.28,6.0,2.0,3.75,6.450000000000001,2.5,5.282857142857144
CENT EDUC DIST ANTONIO VAN UDEN,10.0,9.190000000000001,10.0,1.0,2.0,3.8500000000000005,2.5,5.505714285714285
CENT EDUC DIST RODRIGO ARENAS BETANCOURT,10.0,4.340000000000001,0.0,3.5,6.5,5.95,2.0,4.612857142857143
CENT EDUC DIST PABLO NERUDA,10.0,5.65,4.0,3.5,4.0,5.65,2.5,5.042857142857143
COL CARLO FEDERICI (INST EDUC DIST),10.0,9.85,10.0,2.5,1.75,4.300000000000001,1.25,5.6642857142857155