Nombre,Bares,Seguridad,Act Impacto, Policia, Salud, Cultura, Deporte,Total
CENT EDUC PARA JOVENES Y ADULTOS LEPANTO,232.8889,3.5,7.45,10.0,7.0,7.25,10.0,6.5,7.385714285714286
COL BRITANICO SEDE KENNEDY,245.6923,1.75,4.25,6.0,3.0,6.25,10.0,4.0,5.035714285714286
COL INST INSCAP SEDE FERIAS,233.1045,1.5,7.819999999999999,8.0,1.0,10.0,6.950000000000001,10.0,6.467142857142858
CENT PANAMERICANO DE CAPACITACION SEDE RESTREPO,254.1625,0.0,2.9400000000000004,0.0,5.5,8.5,10.0,9.5,5.2057142857142855
C.E. FORMAL PARA ADULTOS LOS SAUCES - SEDE PRINCIPAL,226.41670000000005,8.0,7.03,10.0,1.0,1.75,10.0,1.75,5.647142857142858
INST INTEGRADO DE SUBA,245.8095,4.0,3.3,8.0,1.0,6.0,7.8500000000000005,3.75,4.842857142857143
COL HARVARD,264.9524,8.0,6.71,10.0,1.0,10.0,4.95,10.0,7.2371428571428575
INSTITUTO EDUCATIVO FUTURO HOY - SEDE PRINCIPAL,254.54670000000002,1.5,2.74,10.0,0.0,10.0,10.0,10.0,6.32
CENT PANAMERICANO DE CAPACITACION SEDE CHAPINERO,242.98720000000003,0.0,0.0,0.0,8.0,10.0,6.9,10.0,4.985714285714286