Nombre,Bares,Seguridad,Act Impacto, Policia, Salud, Cultura, Deporte, Total
FUND INST TECNOLOGICO DEL SUR,2.0,4.2,10.0,3.0,5.5,10.0,6.75,5.921428571428572
GIMN COMERCIAL LOS ANDES - SEDE PRINCIPAL,0.0,6.640000000000001,10.0,3.5,5.25,10.0,6.25,5.948571428571428
CENT EDUC DIST RUFINO JOSE CUERVO,8.0,8.95,8.0,2.0,4.25,10.0,4.75,6.564285714285715
COL DIST U.B. CIUDAD DE BOGOTA,6.0,4.390000000000001,10.0,1.0,4.5,10.0,5.5,5.912857142857143
CENT EDUC DIST ISLA DEL SOL,7.25,9.540000000000001,10.0,0.0,3.75,10.0,3.75,6.327142857142857
INST TEC IND PILOTO,2.0,2.5999999999999996,10.0,4.5,6.5,10.0,6.25,5.978571428571429